{"loss": [3.941937582468314, 3.285032337328924, 3.1985453166682096, 3.029937257288948, 2.8200470486868134, 2.668108459114637, 2.5816668565934138, 2.5055419278859414, 2.425139579958635, 2.3484860201472397, 2.245755429185472, 2.1370424275011235, 1.9969635557956233, 1.8539254858884475, 1.7325699641286767, 1.60055853748864, 1.4853756207393312, 1.3568029056307889, 1.244896043810013, 1.1287079783504104, 1.0511309925822925, 0.9651075928875196, 0.8942048516531164, 0.8130093688282605, 0.752913230385047, 0.6927748474530229, 0.6366622301661663, 0.5935265087006886, 0.5635634866879091, 0.5242029418897848, 0.48869150624027974, 0.45759492188046624, 0.4355660824500818, 0.4158097958569974, 0.39073967237332746, 0.37829621048496265, 0.36943555087522667, 0.3427302806858838, 0.3301799425578592, 0.3084829171776798, 0.308817758813934, 0.2988422482364732, 0.29834498488858713, 0.28566457117654853, 0.2733654990756415, 0.268845791150772, 0.2558842567444578, 0.24493105337594223], "acc": [0.0863049661199104, 0.1326296215204983, 0.1401772040965859, 0.17846204331330098, 0.2172938088141341, 0.2545941807826795, 0.27483045287451474, 0.2999343688796788, 0.315849923410762, 0.34073506893879, 0.367042222754018, 0.3928024501514706, 0.42791511696398427, 0.4682235836043866, 0.501093852470438, 0.5392146137918119, 0.5742178955841732, 0.6086195580966101, 0.6389192737731858, 0.6712973090836111, 0.6942135198479851, 0.7178954277354658, 0.7368190769188463, 0.761813607656103, 0.7780573177822725, 0.7963246553060498, 0.809997812177545, 0.8229599649575993, 0.833242178902118, 0.8429227740491827, 0.8509078974980439, 0.8611901115859997, 0.8682454604858435, 0.8763946618822048, 0.8825202362851903, 0.8856924085589942, 0.8862393348333325, 0.8931306059030338, 0.8986545614042472, 0.9053270620815709, 0.9019908117429091, 0.9087726973360671, 0.9096477795836441, 0.9141325749028201, 0.9171406696072764, 0.9186173705088704, 0.9215707722990186, 0.9242507111215142], "val_loss": [4.529148069252331, 3.711977936767645, 3.251118227376458, 4.916893318184616, 2.937319821497544, 3.182075413259427, 2.8855264015740327, 2.812159620489542, 2.7073962401509024, 2.620674169193994, 2.8315161762404495, 2.6205087641918423, 2.7821757359369057, 2.5321096353510018, 2.526164982042375, 2.5543879647745347, 2.8545687635826593, 2.73027732951375, 2.826489734753999, 2.82470360355252, 3.043815186561067, 3.1906178023674294, 3.0415917284900824, 3.0966188488173536, 3.299626924485555, 3.21206912462247, 3.507623930937352, 3.604726908973844, 3.5694241567565785, 3.547850583157863, 3.4607217534104895, 3.5029119080474653, 3.4308564050453234, 4.792727333920268, 3.9306634270649248, 3.7678869460291624, 3.5096075911490607, 3.786167791061902, 3.663683858429055, 3.8797747017257325, 3.8028920261291237, 3.9535007196130065, 3.809594410097051, 3.8344769727218595, 3.8267356030528865, 3.720779114270367, 3.768631479359299, 3.8577386802865328], "val_acc": [0.13960612661468122, 0.13566739622430155, 0.07352297594139039, 0.09168490123174905, 0.19452954033793193, 0.11422319478748663, 0.1227571118843112, 0.22866520795571726, 0.2553610498195665, 0.2597374174344461, 0.2115973739446644, 0.25908096254002344, 0.20722100632978477, 0.30196936473543845, 0.30481400501545464, 0.3080962797353774, 0.28096280101874205, 0.3109409189328584, 0.2796498910733855, 0.32450765844768714, 0.2575492340313267, 0.26783369808280494, 0.34835886176618497, 0.3347921223426543, 0.34332603934818073, 0.29671772477141617, 0.3477024068717623, 0.29999999996087223, 0.303719912368307, 0.35295404810091596, 0.35579868754620625, 0.3468271334400845, 0.33041575522339317, 0.18927789935658745, 0.28096280101874205, 0.30525164085091855, 0.3133479214340644, 0.36411378508845355, 0.3210065647601038, 0.3590809627617475, 0.34989059135741685, 0.3597374174735739, 0.3514223201791358, 0.3658643330604294, 0.36214442009216324, 0.3575492345921581, 0.3516411381555595, 0.35207877507355856], "time": [22.041028261184692, 1572044360.0675187, 36.50657558441162, 1572044374.0417197, 51.02244281768799, 1572044388.086228, 65.5671501159668, 1572044402.6550825, 80.13414740562439, 1572044417.2362487, 94.19324946403503, 1572044431.8800714, 108.25300431251526, 1572044446.4758098, 122.87217283248901, 1572044460.5348363, 136.94231748580933, 1572044474.614449, 151.03700613975525, 1572044488.71437, 165.12353086471558, 1572044502.786399, 179.2151391506195, 1572044516.9020748, 193.31167340278625, 1572044530.9896393, 207.41239404678345, 1572044545.0876913, 221.56389093399048, 1572044559.1894317, 235.67619919776917, 1572044573.272897, 249.7836298942566, 1572044587.3796997, 263.8978416919708, 1572044601.5359704, 278.0819842815399, 1572044615.6602063, 292.1963891983032, 1572044629.7896066, 306.30106377601624, 1572044643.884586, 320.3996739387512, 1572044657.998225, 334.5283088684082, 1572044672.123391, 348.63909912109375, 1572044686.2339928], "training_time": 689.3104605674744, "total_time": 690.0516180992126, "peak_memory": 3685814272}