{"loss": [3.997615413367422, 3.3769226820091793, 3.316595166915096, 3.264343795878599, 3.203693787500285, 3.1710784914613006, 2.9707775258360742, 2.767883809696165, 2.6278487333607763, 2.53139255000423, 2.4351302893619207], "acc": [0.07728068255502556, 0.105939619342573, 0.10599431195044721, 0.12229271493387597, 0.13612994972190198, 0.1406694377989092, 0.18507985126539278, 0.22730255969320234, 0.25957120981069864, 0.2845657404729768, 0.3080835703118993], "val_loss": [6.324530767611915, 7.921657994852546, 3.270126046132728, 5.834891826370874, 4.242869951218953, 3.6921492207232918, 3.618605626751088, 3.0282547606420205, 2.980784682371945, 2.8814657337556002, 3.2681184745721796], "val_acc": [0.04638949665903262, 0.11181619255039311, 0.12188183820482416, 0.038512035006049945, 0.040481400395248335, 0.04879649884721643, 0.06980306332364385, 0.15536105064777106, 0.13194748344515295, 0.1807439823836675, 0.06805251638529337], "time": [20.155138731002808, 1572072272.3818889, 34.62558603286743, 1572072286.401156, 48.637476205825806, 1572072300.4469643, 62.679972410202026, 1572072315.0443084, 77.25726509094238, 1572072329.6492462, 91.38219499588013], "training_time": 162.55576062202454, "total_time": 163.24812483787537, "peak_memory": 3660730368}